cog1,cog2,cog3,emo1,emo2,emo3,soc1,soc2,soc3
-0.97537015968661,-0.8632902542797998,-0.7741158600753362,0.7050083665758449,0.6473429454763862,0.5739605726287846,0.30471707975443135,1.727350214164185,0.5154104029008109
1.081263275623198,1.0335368757319632,1.32584511489623,-0.9554409894079814,-0.8388065986778062,-0.7182880655227254,-1.0399841062404955,-1.5338614049161376,-0.5775388873556505
0.6461089108358136,0.5495386865365787,0.1775601096775834,-0.7000146176520963,-0.7274913069949924,-0.3211754048253304,0.7504511958064572,0.8638280136981883,1.274447216941239
-1.556844774058044,-1.3085096506481513,-1.5553277276178952,0.6538626705234648,0.7119512610768041,0.5586438352517795,0.9405647163912139,-0.3285252231228939,-0.6275875364369197
-0.6370010845225846,-0.7019943559740593,-0.9114613369529238,0.0627622928239308,0.1694650362131523,-0.3045025609994793,-1.9510351886538364,-0.0613243458288473,-0.6366152831022357
1.6280501890678012,1.4140591971170802,1.5084054354133554,0.8916905389147731,1.4230365043361428,1.2506702337660407,-1.302179506862318,-1.052898510703949,0.5411316108045314
-2.447157458413812,-2.344145326805691,-2.717045083762096,-0.5932443639763512,-0.7271230294465525,-0.7069778759532194,0.12784040316728537,-0.33445617235587666,0.7629264823369366
-0.8834361710470378,-0.5554140057244207,-0.3558052495287289,0.5722919403884514,0.4813499150197328,0.64591361124212,-0.3162425923435822,1.3000445946989585,0.4480993639362036
1.1374142904122198,1.3412740869056785,1.126538257747285,0.4612519823952904,0.4982306077528997,0.4839045494661486,-0.016801157504288795,0.582655241987707,-1.6855973173848082
-0.8067633889559471,-1.0129707897973834,-1.0870248562280964,0.1214894341506065,-0.3710269934994561,-0.040291527329348,-0.85304392757358,1.732311605409944,0.5380344399282511
-0.6805374545556251,-0.8511312022615092,-0.7499690388021905,1.375029774234572,1.1384841581354814,1.109045709521932,0.8793979748628286,1.1774118889776937,-1.034308051674399
-0.2545767997763177,-0.1229071308450339,-0.3316843601227798,0.7116632888992153,0.8717186616338822,0.6761064842972079,0.7777919354289483,0.4390866789295762,0.2352761115882635
1.3584337756892118,1.6782097502058846,1.5531929900818144,-0.8380673665902908,-0.8427220613524395,-1.3127803233577442,0.06603069756121605,1.743934526167792,-1.4237344353990602
-0.7100246223440427,-0.5775940176219355,-0.5820124978799637,0.4515418931417111,0.8079613354848014,0.704469535521725,1.1272412069680329,0.43899315873829875,0.44632214754306365
-0.6042963158065495,-0.208306929911709,-0.5071244776576134,1.3614246143345852,1.5147748785306776,1.0962293028191872,0.4675093422520456,0.8279881767970589,-0.8065989043073726
-0.5369613977071974,-0.6810636162295628,-0.5804863717012025,0.1734495303515736,-0.1012727967078751,-0.1859110002026194,-0.8592924628832382,-0.29657095353470836,-1.2826346502605217
2.098052058829749,1.994514654418996,1.9380418077563424,-0.406506956340245,-0.1882249255006191,-0.3409247431310452,0.36875078408249884,0.06654581585920483,0.7138201364823995
2.365860258295222,2.168953349141724,2.297857410023395,-0.6301933146356427,-0.6512330946994377,-0.576331347513655,-0.9588826008289989,-0.6974238233002769,0.2416445216767513
1.2073321515870925,1.437194174537491,1.0497980458659644,-0.0874389601309111,0.0829116007691465,-0.1024322976519472,0.8784503013072725,0.989583934594853,-0.6139768013928971
0.5729034180537905,0.5210436218873307,0.4790494919993446,0.6471789920103922,0.7932479742538923,0.676809096542921,-0.049925910986252896,-1.1783036231148656,1.4511788490210642
0.8227089357312858,0.5240460274872963,0.6760814997057127,-0.7364540605494454,-0.7910026011396875,-0.51862989281876,-0.18486236354526056,0.7823503424176613,-0.44065242156974244
1.349067531268089,1.4755039375592574,1.4471473270345183,-1.4002613417799212,-1.2435947362444282,-1.660243968691876,-0.6809295444039414,-0.19065105750515945,0.03210767397093466
-0.7438677784036452,-0.8916909102421398,-0.6474340386471308,-0.3764317402895526,-0.5127141166538292,-0.3531295856391239,1.2225413386740303,1.1712470934673194,0.2689134476786009
1.1129789274782174,1.0620918956699017,1.0557120716823158,-1.4806416325812424,-1.441116314208527,-1.2068831244805387,-0.15452948206880215,0.7508689887312598,-0.6196659341286136
-1.2492702260971185,-1.1312256695377114,-1.3164094722606292,0.1582127762484457,0.5693181534873663,0.3976684020624724,-0.4283278221631072,1.8206461576468016,0.47113629339992935
-0.3701073960672926,-0.6690407300863715,-0.4889730858803804,-0.3880709443480507,-0.041987173480293,-0.4225052771411561,-0.3521335504882296,0.7307746911386448,-0.5334523471647244
0.9239037670266294,0.847239052158367,0.9676874551114272,-1.6675078372205594,-1.6496036757248809,-2.027667616310994,0.5323091855533487,-1.5720402556532407,-0.4116383222162092
-1.3792238941784452,-1.176629342787473,-1.8380051416392689,-0.0721728218976998,-0.3755547040845426,-0.6703633420124844,0.36544406436407834,-0.06695317289820084,1.362642639803341
-0.4226246173879839,-0.4820009006207231,-0.4776460661949997,-0.2189880784214979,-0.2366597581543431,-0.0481931813532081,0.4127326115959884,-1.172007192594816,-1.040586052512433
-0.7643530371063147,-1.0541159642166242,-0.9939211491817044,0.1701939070778431,0.5979687151091047,0.3837068933288529,0.43082100300788273,-0.5182798423662747,-2.41278033092949
-0.4516206999910931,-0.4190811668187529,-0.0735594376415236,-0.2961651819688589,-0.1648158070227188,-0.4079005124948031,2.1416476008704612,1.5112284332767216,1.6109369950118944
-2.596201174187144,-2.968125319460464,-2.664254489924188,1.976804925907655,1.9962026539489284,1.7740506669331984,-0.4064150163846156,0.637533810897696,2.549327952607003
-1.8084529399444167,-1.917283713568122,-1.6676284323598498,-0.5356097536656145,-0.4163830403203578,-0.3978169716279739,-0.5122427290715373,-0.6989304285787463,-0.40526926544933184
-1.1471110030013394,-0.6021820430197532,-0.5743284153307526,-0.0065403717505535,-0.3116141420223154,0.0478477948604058,-0.8137727282478777,-1.013717366440399,-1.9368380406201853
0.855858411245914,1.146768997440652,0.7336734808340779,-0.1735266419602135,-0.0083536097183355,0.1066362201692455,0.6159794225754956,0.03278209287626079,-0.31048397619594376
-0.2192425904473992,0.0095725693409619,-0.053426264140105,0.0913333984092107,-0.1895036216048702,-0.3834277547521718,1.1289722927208916,-1.2165601493811278,-0.2862229498406692
0.0999409611124294,-0.2010665094089907,-0.1814108234476975,0.4880231872692385,0.3017591586340341,0.0169382699967076,-0.11394745765487507,-0.6711402773965811,-0.18992384102225704
0.8223251892317184,0.6667391313883102,0.877682551456706,0.3549121721070151,0.3738146196312808,0.6074075764419941,-0.840156476962528,0.31200947155124387,-1.1133880419218483
-0.9450891919532896,-0.7890833003140871,-0.9816493698518668,1.521904902158605,1.5589207235628382,1.5401178158699882,-0.8244812156912396,1.1553120361066962,0.5795611424764774
0.4862009627780659,0.3316279142643795,0.339952539428627,-1.508443649431506,-1.602615625652512,-1.6441678397316912,0.6505927878247011,0.6087614722244398,0.5245073752860862
-1.4387775837961971,-0.5442170381637688,-1.1802661988094192,-0.5076309687481865,-0.1126880071325028,-0.3187046457464795,0.7432541712034423,-2.2912895085981,-1.4944056198193065
-1.870467293725653,-1.8627363412294091,-1.9974472765616844,-0.6197090232210793,-0.0972848344406283,-0.5144653894007184,0.543154268305195,0.3043667290302598,0.6991967316948878
-0.6133726479225383,-0.3596359095349364,-0.1727643061775851,1.2621564240512355,0.8162382590193358,1.3453406858367822,-0.6655097072886943,0.07203357323257792,2.052684981945891
0.3229691602880734,0.49515971942384,0.7121546364424397,-0.1236113928401987,-0.630506780052746,-0.7005978418377612,0.23216132306671977,0.41389028537269307,0.17196033243705985
0.5305303252693037,0.3888040548177062,0.0950016963356416,-2.1865956036031458,-1.755727104164152,-1.5882086177034616,0.11668580914072822,1.6162096816512073,-0.33732516206850605
0.15400358532615,-0.227609877016759,0.2452878500039801,0.3644287255184404,-0.0762633428550121,-0.2117655764718586,0.21868859672901295,-2.063238276804743,-0.1420032144075213
2.2372112618556814,2.206577721746211,2.1742083801740977,-0.041364885611416,0.1958122730746343,0.2109454405248232,0.8714287779481898,-0.5911034251911056,0.6152567669685612
0.6485235611007708,0.2668899883510814,0.4169043810896453,0.0601934509627473,0.2857239412927347,0.1969116943292398,0.22359554877468227,0.5909063227933546,-1.7306716055072182
0.9990293844278302,0.8660021437063372,0.8827158815641161,-1.235478433895035,-1.3308846792089966,-1.1308314620191458,0.6789135630718949,-1.5815943994539423,0.16439070297730224
2.1538065183429222,2.5477279916245053,2.0534602991737287,1.9079987434566503,1.875447529923203,1.537280633299487,0.06757906948889146,1.475949048053509,-0.3904639494628101
-1.4326698824357362,-1.0590049403021624,-1.060497210853533,-0.2438806794982448,-0.2964096000731922,-0.509484212537453,0.28911939868998415,0.3683566127006584,1.8478250129560454
-1.194442555497572,-1.0813181443477422,-0.7017919110800999,-0.363126122547345,-0.1058745337081741,-0.0519456671694172,0.6312882258385404,0.846583985843404,-0.17417273380495787
1.8382671966128377,1.7782988839648315,1.779367068542462,-1.0622281274753511,-0.5951992498493986,-0.8079467270128323,-1.4571558198556664,-0.5709436615217945,1.6678876111195198
-0.6680317550476621,-1.116949938863142,-0.4928629518685288,-1.0085066245974434,-0.9569864362871482,-0.9686909103503616,-0.31967121635730134,0.8137636899662105,-1.1037406977820072
0.077383472740912,-0.0061752390069626,-0.0265597803345489,-1.325238168876862,-1.0711326134721595,-1.2280538082314654,-0.4703726542927955,1.0684715559890383,0.5872591668027922
0.6592724339477292,1.101238912086694,1.0909776891008194,-0.2877547893506315,-0.5129885858495866,-0.5675670912669654,-0.6388778482433419,0.23287802013716835,0.3194002637912288
0.9499781225037516,1.1198432339734157,0.9170042425720945,-0.8818344401398721,-1.0723428244126565,-0.9840953281544876,-0.27514225122668373,0.23440089269869593,-0.8690472478647824
1.8679654947888704,1.8202471259161024,1.523544404256365,1.9293373606531263,2.012837838490591,2.2336355635687783,1.4949413112343959,0.2703432392817259,0.17739611463694044
1.3618030159405794,1.5822221487885797,1.5955355155259754,-2.2199942653418,-2.0125686608698308,-2.070010779481479,-0.8658311156932432,-0.8633452647393817,1.2125188368316004
1.0780427782854074,1.1289452476558293,1.211331297738211,-1.3951304015517454,-1.014758248514091,-1.024103045293917,0.9682783545914808,-0.14752868024035293,-0.3237917042866007
-1.145485574107341,-0.7189084763127658,-0.8074034411754568,-0.2274033266909247,-0.6661016816172676,-0.4937038010879335,-1.6828697716158048,-0.1525225324523588,-1.6919626491697632
0.5488688554572635,0.515510832606223,0.4565124341706495,0.4745291833901306,0.8394007069621061,0.3679774248476003,-0.33488502998577485,0.3833938643534951,-0.01756282647744591
0.2494249248587616,0.2309204608388069,0.3878130933810825,-0.3915298416059434,-0.5660625988383958,-0.2014211150038681,0.1627530651050056,0.9998242469102946,-0.9024230947925126
-1.3882156887436772,-1.0392881002321477,-1.6292681627705126,0.3233318862425579,0.7515043057662281,0.4011739614326936,0.5862223313592781,-1.0585360819784093,-0.3423409386638824
1.4876349208267727,1.5820783349987015,1.255045079749698,-0.907391922157721,-1.2242905415847507,-1.0797694359530032,0.711226579792855,-0.12500903031957764,-0.08158776968512098
0.5698514572726845,0.9060834343915948,0.8335207930686295,0.4431964150089106,0.15483760864639,0.2731418209895752,0.7933472351999252,1.4814555476589732,-1.7056522160155172
-0.0227511322930374,0.0588331424759091,-0.1084424122336535,1.4784276408104164,1.9608425861995569,1.58659892825561,-0.3487250722484376,-0.7435882288125641,-1.615658339320678
-0.3310480170670953,-0.101203781835281,-0.1823567308753785,-0.8578049418765334,-0.9657901611110886,-0.7792337109353962,-0.46235179266456716,-0.8222500172903203,0.48206683552552526
-1.0926990499049454,-1.3872790264913497,-1.2435431956800829,0.4740600625183163,0.7293041236509894,0.3298673615641221,0.8579758812571538,0.20230619183119358,-0.5227186961696804
0.4837326272322988,-0.1164878388441189,-0.1265752285895784,0.3905043085140883,0.1789460488949185,0.1882096836294844,-0.1913043248816149,0.8443851904853201,-2.564744341820567
0.8126231834076594,0.3920218089986506,0.5020334316613463,-2.2777830498550022,-2.1692614356118933,-1.8746254906268207,-1.2756863233379219,0.01142605556065933,0.7848440366081351
-1.1448429936095508,-0.7235703726985235,-0.713839048185971,-0.5344055580576258,-0.7740639410902002,-0.3618124142373135,-1.1332872140034806,1.3289605904369892,0.27236975527423984
1.152601210749438,1.1837700255532515,1.3646840976619057,1.1675467309358831,1.2188380858708805,1.1483889918929342,-0.9194522860016113,0.8567939825665268,-0.713874824036484
-1.3197089085319873,-0.8944113107140442,-1.1705166614364233,0.2496462362788505,0.0214498139423497,0.0042795629707368,0.49716074405376404,0.8418200668900618,-1.3168302110582415
-2.1360493403396896,-2.052810246730348,-2.135397085789483,-1.3800915039007928,-1.356347225613998,-1.2068917090046123,0.14242573607056525,0.5541165013240933,0.8358078963143372
1.1243109468158905,1.048695530135569,0.7407053570247404,0.7292670251925416,1.0067979944998258,1.0206992189145263,0.6904853540677682,2.327653100346085,0.3493506225604296
-0.3870678583614252,-0.13786904729898,-0.0103881570342493,-0.3170578258174475,-0.7331671163491202,-0.044712762597791,-0.42725264633653426,-0.2051616888660442,2.3826022826840734
-0.1358319250719073,0.1004455703784783,0.1749720525569217,0.593648846365759,0.3370970366451329,0.2360843212735189,0.15853969107671423,-2.003522292066514,0.42018859872493736
-0.540908887871993,-0.8571349830689418,-0.8438835263477635,0.4760658975423656,0.5194781672533693,0.6657691269359083,0.6255903939673367,1.604254361517141,0.3877031412620148
-1.461764882376621,-1.8265727329206185,-1.6309311152463937,-1.3450869079378294,-1.0718814199023272,-1.4342611587021008,-0.3093465397202384,-0.45769943095682564,-0.16692793010856513
1.2007064824166618,1.0737650762731157,0.6691928058506231,0.4791123996302846,0.4203626361528776,0.9074693163402396,0.45677523755741145,0.10788044434303304,0.816775867200791
-0.6840267116678628,-0.7211592115037522,-0.4818164712643717,-0.925783689067054,-0.8867269473006196,-0.9326355170864538,-0.6619259410666513,1.309550684860527,0.6250852012481537
1.8351320495058197,1.5875902114174494,1.773524724379397,-1.5081146169762214,-1.581585658023098,-1.097566481958479,-0.3630538465650718,-1.6022595410589253,1.251725008565195
0.9292662874185844,1.1388606521868587,0.9698705603101022,-0.7139620665048614,-0.97147937745116,-1.0493107528594872,-0.3817378939983291,-1.2516472141061394,-0.5213229186372847
-0.3997733674576242,-0.6507849765063862,-0.3958077777773453,-0.4036469065754184,-0.394938564370059,-0.3168866031182186,-1.1958396455890397,-1.6012779371188537,-0.4354074729439623
-1.4409509693475804,-1.098753958504709,-1.17978816613954,0.3117263451198585,-0.4746027076216492,-0.2629487943060471,0.4869724807855818,-0.7941362900254239,-0.4791031709119801
-0.969393485274995,-0.945707284200104,-0.9795457158845238,-0.347420407450682,-0.7937638453396929,-0.89859677603389,-0.46940234020272387,0.43963660601699356,0.7908017211789892
-1.1833272860924666,-1.1891627573125594,-1.0569211850581697,0.7323547773568084,0.8779947918273658,0.7414185958603193,0.01249411872768743,0.524187842812771,1.498374440296732
1.7298079890523843,2.163566326166588,2.337544135327878,0.2282641067497994,0.2174472988368397,0.2903668005614399,0.48074665890590895,0.27627417932855375,-0.45884049314930064
0.1339623306265394,0.0834618353470438,0.3892178055824342,-0.4920996252649469,-0.6578122524253784,-0.1364039818326945,0.4465311760299441,-1.4127658838923665,-0.42477372779309125
1.0594917073091263,1.2563018252829354,1.1876570577483028,1.101773923152794,1.3413502883520212,0.7871139188648689,0.6653851089727862,-2.310103436632644,0.3140772238697992
-1.0675014884007867,-1.3070774371114864,-1.332682389443733,1.5013899912690325,1.3861564042501564,1.165238560937886,-0.09848548450942361,0.054353585390382264,-0.24576150001290142
-0.0825736350980872,0.1451560070457698,-0.0293589550762168,-0.0593707729462794,-0.0868075332671416,-0.3290851891063648,-0.42329831204415375,-0.47177603363833576,0.95205365313989
0.7915081430283806,1.0942841937247962,1.0375118348824073,-0.3415564366323558,0.302418720748711,-0.5922623645631755,-0.07971821090639905,0.45938577171661177,-2.2517772906190467
-0.4189389102550375,-0.2048459041866993,-0.2415006672060114,-1.772228621805513,-1.901045558136178,-1.5941003718747375,-1.6873344339580298,0.7019536262212701,-0.8267050469168946
1.1580670852404469,1.0588147516629918,0.9742037838415676,-0.5322384310154217,-0.303577170779314,-0.2264220251977827,-1.4471124724230873,0.13824143205868192,-0.7824163339614458
-0.8705841922202961,-0.7699199860492081,-0.7562870750586628,-0.2435447718796233,-0.6068314931467459,-0.5665948205281721,-1.3226996123544024,0.7601330853758538,-2.320356012386145
-1.545336947930573,-1.1094665692537071,-1.1330003384537188,0.0717314696862974,0.3250450082645337,-0.0925787716780327,-0.9972468276014818,0.22921137411506842,-0.9636384443688041
0.4734533615973733,0.4901555335922517,0.2590387856549048,0.0119748596331818,-0.1907084935129359,-0.2956027535756198,0.3997742267234366,0.5300647056014667,-0.9151561158459262
-0.6014625241250231,-0.8110647637925616,-0.6223088474395528,0.3835249690580827,0.2561855915042425,0.5774320955092814,-0.9054790553600608,-0.7046732628698824,-0.20110465451883033
0.492289196157941,0.3451890268637039,0.5323710207175979,1.561896950087398,1.6081865682995935,1.2364620194607432,-0.3781625540393897,-0.17961141383145854,1.1129658916602636
-1.864368986314896,-1.7806378169624837,-1.76481134223315,-0.5247987892824884,-0.473913315635216,-0.3935547270946097,1.2992282977860654,0.19677609665695725,-0.24506065119070236
0.855894743980887,0.6171369235655066,0.6074801538461744,-0.530260866202072,-0.7054977309957808,-0.4646869564420784,-0.35626397106142593,0.8205284754174188,-1.0308137202711538
2.3984277774146108,2.645272678804973,2.707501524302615,-1.0467142735982549,-1.3858343416213812,-1.369528805133425,0.7375155684670865,-0.3937411722245721,-0.056954541213528984
0.0703536831559163,-0.1507210614314255,-0.1378020052769151,0.228823029796337,-0.0074483239452531,-0.1295807871326233,-0.933617680009877,0.5211672557321126,1.0491736214413494
-0.3395578337402684,0.1377194550130905,0.1027749603145303,1.005956353385166,0.6909778602625942,1.025809391697648,-0.20543755786763002,-0.265838791915379,-0.9759588161149049
0.1390177032055683,0.3711474734575802,0.2851778793092751,-1.9224003246135688,-1.5905564590917107,-1.8132293625232412,-0.9500220549105812,-0.11754216732813036,-0.9105748839214486
-2.0888253160474552,-2.1039012587089108,-1.664809061674878,-0.90122663085731,-0.2892805050693704,-0.745721046759177,-0.3390330759005625,0.829519042024073,0.5585489592742234
0.2646067716508796,0.2634323545928023,0.7127946658062598,0.0934646451114657,0.0966492094194081,-0.0055674476605228,0.8403081374573955,-1.993060371054156,-0.22153611573080054
-1.8606252144448343,-1.9381554266823071,-1.3433639570543776,0.7224904960411581,0.7445602505004136,1.0724273809676246,-1.7273204231923487,-1.296472328074761,0.6474846907094743
-0.3169543190560073,-0.3809981357580503,-0.5337138999583584,0.4780570135020896,-0.0775146531968045,0.4254385260836432,0.43442364354585733,-1.4821853974428207,-0.013646791795296761
1.3536444436901105,0.9098134654377724,1.2134658023749283,0.2481245207081784,0.0212819769197472,0.3392540130857793,0.2377356023322779,-2.3336161198483047,0.701663648089567
-0.8734570451666319,-0.8084332950798045,-0.969921975141746,-0.0695619141231787,-0.1564670131678185,0.0522029723839808,-0.5941499556967944,-0.6782644401551767,-1.0350781140406409
0.5763654508561198,0.6051712188739605,0.4541119320605067,0.5233573059144893,0.7343615643782162,0.4282445664392496,-1.4460578543884546,0.7494338997277404,-0.01208465078826744
1.0649935645834456,1.4243576408913627,1.017602482929289,1.213914495923812,0.9702870097280146,1.3008713968679892,0.07212950771386951,-0.28488406638257474,-0.21069001436315682
0.2530505052293113,0.3524245245534901,0.1979488691101136,-2.155772827008062,-2.006440030097113,-1.8441542357306575,-0.5294927090638024,0.19779008194185213,-1.2158909241041307
-0.9393144301778922,-1.120371521699623,-1.4716653837845088,0.6831253516701605,0.5543303520105095,0.8347651835070249,0.23267621135470395,1.0892174967107926,-1.5634779478686884
-0.5006509987793859,-0.2806435068394607,-0.1260592398009218,0.3445978207866538,-0.2132055553821157,-0.1633804637518733,0.02185214552344288,1.3276861322676916,0.6857490352746618
1.9622723605309131,2.0212600242652887,2.140907931406436,-1.0306210665619018,-0.9164983369443672,-0.5436881195044887,1.6017788913209154,-0.06913793472613955,-0.3509523822179781
-2.1015231688565827,-2.0672303425521097,-1.945221353427062,-2.2745453424222823,-2.505189032975319,-2.5717236330310373,-0.23935562747302427,1.3535858895693973,-1.0222802816473295
-0.3501420167922597,-0.3524400404469024,-0.5312881345787659,-1.2967505755005109,-1.2018739719834726,-1.4394286659129516,-1.023497492621865,0.09212665843410921,-0.09617893692333225
-0.520225670669812,-0.3172324411795686,-0.511921891588061,1.9551992031170975,1.3617026091038589,1.5579408170464886,0.17927563495631615,-0.8373982238274621,1.1280188573493026
0.0618682230592097,0.195682233662132,0.0439010489091379,-0.7232668915686801,-0.800476543023688,-0.6079781725503359,0.21999668397176517,-0.5944003521987352,-2.280737845371923
0.5761302651687827,0.8154748861641417,1.0113611093466486,-0.8466978834425062,-1.4896296263459392,-1.2497224008954482,1.3591875752404365,-1.4805365125650163,-1.4966386899033264
1.6335364676139996,1.48705591593584,1.2482328186873812,-0.2130447953158369,-0.6202558248008578,-0.3491144131122621,0.8351112459145785,-0.8881338537336524,-0.9228864418952676
-0.033766062658361,-0.3392407382948456,-0.3819971302690875,-0.7057912033183045,-0.7747560276648439,-0.2757340487566833,0.35687105914950934,-0.35801668807442916,1.461178866720329
1.0008946059725203,1.2258394265726322,0.695011268326107,-0.1084437430549811,0.3285998751208132,-0.1866496260243126,1.4633028912195618,0.8035850193786016,0.2825869829192965
0.5403490425469151,0.4862397787795178,0.4064253384731924,1.6995745850629875,1.6081154049629989,1.042549402718882,-1.188763054322851,1.7207698311659838,0.7673172404612268
0.3272679351120144,0.7395809097902,0.665863047571228,-0.7813033499092479,-0.8233054911346241,-0.7842550567786127,-0.6397515327497477,-1.38218151537704,-1.1401609191262305
-0.5266380114465785,-0.6679742737932883,-1.0343956137618426,0.1268147364389884,0.1730863124559022,0.3029494103884218,-0.9265759414055249,0.39282746825991893,-1.1195358752705262
-0.7803928641067128,-0.8370126344662443,-1.0389319040218767,-0.95785549240773,-1.2140238235074752,-1.2894691415819095,-0.38980980315576796,-1.0405439391575344,0.4478137167227104
-0.8618052601552997,-1.0420839928515746,-0.9298989777972042,1.7385799835046718,1.517592416596956,1.6356626597433055,-1.3766861475563088,0.47469708846320197,0.05827433093544655
-0.6844997974858441,-0.8371798304677504,-0.5604137081974513,0.1194516477731149,0.1491444768841788,0.3788876923775232,0.6351509468144043,-0.1310866506877266,0.5487388188641266
0.2488151358329829,0.451399155575123,0.2118710037582134,-0.9564225360158638,-1.0191447097407988,-1.1320347467698992,-0.22222269709877338,-1.8309058258475304,-0.18767099092845213
0.7203988432417553,0.4522606113498346,0.6249937632599121,0.5957988973575482,0.9405287474587968,1.0812598703343042,-1.4708062945026579,0.9282969915684843,0.278143726454627
0.4778780333245961,0.4383931336411288,0.3927115625514367,1.1055114683287313,1.373274344940731,0.7460872939153853,-1.0155790812075416,-0.605000712808731,0.15811908490510918
-0.4116858532214908,-0.3915744518134119,-0.5187477581455969,0.4552401425923911,0.1847747407416005,0.3283629096026769,0.3135138474501953,-0.5339002383735546,0.7777673890849254
1.4544301875048782,1.8605847475550132,1.8198507329379263,-1.370719357971554,-1.3014108254206564,-1.4795362928889548,0.8381265678943811,-1.06975241128969,0.8070082819444706
1.6505891365899954,1.7810503629323111,0.7585899842593415,1.919011580799632,1.8890140502931496,1.765282241158446,1.9967308916917865,-0.6542832766875555,-1.6198719943917699
-0.2117424447442678,-0.3676202036888871,-0.5794345537308001,0.2817556234648185,0.6057845875479921,0.510829833155916,2.9138624660073296,0.4278904406949172,-2.2472685553408556
-1.0008696909867203,-0.853259242915897,-0.9960760185553672,1.3399063606906887,1.3145043019808014,1.4586468742773884,0.4144094332759964,-0.18924434093640552,1.0017453976515072
-0.0227812690867666,0.2012228599795696,0.2588169265497767,-0.5555388435246998,-0.6854503523495247,-0.1643290887428432,-0.9895381200318641,0.32866200228248105,1.1877250932619365
1.1158658254308258,1.4408398955983874,0.9791467041205384,-0.364978203235221,-0.1500403453174111,-0.0103740656210835,-2.132046280731309,0.3619218539288437,-1.0206230195133374
0.1967124167495476,0.4467330801446141,0.123439465082027,0.1281296909717873,0.3472885349601337,0.1215582151536898,0.2677114623438358,1.320661655528167,-1.8598354065456286
0.2731987874711974,0.5112260899775243,0.525671903723564,0.95829761682352,0.5389899561827569,1.0851582381010592,-0.812941095310326,-0.3427861508643793,0.09903482100720092
-0.1494617363652363,-0.411125691311355,-0.4695991576315962,0.2881749904310366,0.0333009591328486,0.1273697709664485,-0.41535726017968533,-1.4768578168457318,0.9308382263505294
0.2991270154487286,0.588966746391494,0.5848416762384239,-1.4708232646487034,-0.9682819911355204,-1.7917318705943042,-0.6120967990598081,1.067222416571983,1.7975945224343146
1.5304676842378804,1.3866301966015102,1.4662637154944171,0.4171581676212927,0.4728668046184255,0.4016205529774674,-0.14079088641638526,-0.3314881720972547,0.516297572101451
-0.3391825380875098,-0.403323855069764,0.1269124049811527,1.437413700396383,1.3374506926869916,2.0994053334243423,1.0659802307876436,1.114592444577377,-0.37171669658569495
0.1943432367872105,0.0123790972993336,0.0173639890960948,-0.0786088607166657,0.2375586455105446,0.1789729922351116,0.15704856744534462,0.3833771131824704,-0.8931306215848627
0.0516930693352372,0.2653582379010242,0.1385598359163145,-0.4387839473841725,0.4748325040263965,-0.154910245215283,-0.1586348370386883,-0.13113753020334493,0.011451291670654416
0.3327784307503305,0.1244660629129363,0.4446130136248991,-1.2937604331321593,-1.141204058176066,-1.4614820822723071,-1.0356537528258116,0.3487758940462951,-0.2992647038852564
-1.3339326728824887,-1.6390264834282335,-1.5429562614045234,-1.3651512927369678,-1.6981603228457518,-1.5906742348061491,-1.674682944704357,1.9510125601262995,-1.0150679057288161
-1.7113497388341687,-2.008637044765452,-1.57455499178546,-0.4722776372025484,-0.7944552056420849,-0.3062817425442299,-0.4863079090733309,2.076980529053753,2.0487556508632867
-0.6261012530437078,-1.05632143301402,-0.9230720824673876,-0.0643424446789877,-0.2464167716237776,-0.2260388827687161,-0.05378255081832049,0.0693811351327787,1.785168402072131
-0.2504780586491755,0.2587991890306831,0.1071663075129056,-0.1939819505556065,0.06095374237125,0.2316864617953109,1.767929913579883,0.1601905933170753,1.1360486835554284
0.6179190328778386,0.5673095481559594,0.5216965665877956,0.3629224718901558,0.4214895097153994,0.2366629172572125,0.13027452147288585,1.0762401574663856,-0.9208503978091276
-0.6725071280949722,-0.7467669788233993,0.0394669876498937,1.5091008002968969,1.7481573981468694,1.37961190508319,0.9827395110230576,-0.8456610327673472,0.8550193242972788
0.9922457482850746,1.422989909181518,1.474988354666897,0.0442754188083835,0.4513229737580244,-0.1300947032570475,-0.49929559853915206,0.3330703726182551,0.6396264094979018
0.025150150335144,-0.0786248700469871,-0.1130805711379011,1.0433690172964232,1.268546070823833,1.200570385370226,-1.1849437664170246,-0.0258628479538564,0.44254562420405297
0.2867559750136056,-0.0706766398482858,-0.0061993528020528,-0.1292322688088541,0.0711781348151492,-0.0220870252019298,-0.9651167622323719,0.3139082114575536,1.2496652670437771
-0.2722894126525139,-0.3532130823182551,0.0134685359833904,1.2709214002491742,1.3860367478591724,1.0772839277540704,-0.7252260645357532,-0.8333688059494058,0.6353711428612774
0.1762100519910672,-0.025299238065811,-0.1696384700131885,-1.8145541357044035,-1.5895051261556097,-1.713192079337341,2.1284697324351645,-1.589567493308969,0.7400142363043355
0.6916587260109721,0.5981116106744928,0.668236469450239,-0.4365027577471994,-0.5976320979506393,-0.3153858282128827,-0.8213866792243861,-2.0729834359912918,0.6369062833722101
0.7524929715309705,1.108501845199506,0.0989219467096307,0.731079053707242,0.7778533825980048,0.9843117724997656,0.838489203736345,-1.1173841129896078,0.3407914080021059
-0.7223157908248707,-1.0762374223676996,-1.0051044657919237,-0.17548775653138,-0.161961840557192,-0.2347889077825725,-0.9029271780870264,-0.458675284939333,-1.7836111297141835
1.592651243617207,1.5768636099143034,1.6932491390606663,0.8057271624506251,0.9131584977218018,1.2046880851317872,0.9315730128742441,-0.2931915866487618,0.08362107741055723
-1.0258724715348857,-1.2378469767015017,-0.818580289655874,0.6042504583409882,0.1863580648356539,0.3459197503189561,0.38495096610586316,1.9372311624295169,-0.5561919588491252
0.3311743226649392,-0.0219696090664516,0.2004210617266202,1.04459289310197,1.1114446796087685,0.8231125972460307,-0.1566378976580904,1.1059933699072981,-1.2798409576400205
-0.3073290179576762,-0.4156238614016331,-0.1464028552228042,0.9148087509139144,0.5849820818780942,0.3053670140489616,-0.040762526135434025,-0.9620911163416273,1.681816619300824
-0.8643787630586973,-0.8887512001371729,-1.3921719753094135,0.3638959335239232,0.7527666583754974,0.5754091733470392,-0.6547876954293904,0.34770845245095694,1.7289953408857035
-0.2395206724121353,0.0007009777348296,-0.2107953502528181,1.6992947072237825,1.3362736659049248,1.865855513454285,0.44607220148208054,-0.4070782363503251,1.359220600295612
-0.419396783949058,-0.7666825335205593,-0.4459327701099738,1.0190071007986543,0.9535397796628218,1.219234961351669,-0.45498348034078,-0.28436383804009513,0.2552134168558746
0.2204723217506334,0.1734942326060061,-0.0318647588207738,0.848772017177356,1.1486719396139415,1.017679670953811,-1.2256057637672482,0.18532564941538202,1.3506251209526567
0.322334054441075,0.551779100274135,0.3758894808007438,0.1182594574973172,-0.028946901610313,0.0192439672801209,-1.2779375743196193,0.6191711169753933,0.012053180601825543
1.0490197395553382,1.3017863596929704,1.310816971701735,-0.2686435552513672,-0.6549185237974069,-0.383922345773262,0.17258791772211948,-0.33925848388401536,0.20279727689777938
0.3073220752011845,0.4168347012640206,0.1206339215293657,-0.3386372633377132,-0.222697347783789,-0.6390998078132711,1.579091256410435,1.0638515327343585,-1.093471370461983
-0.8475872220589749,-0.7547516771891476,-0.7052791856007657,0.9153882380410014,0.814183582303319,0.4981636493886798,0.15999161357343825,-1.141938226142404,0.39699130449884
-0.3316928900836522,-0.2240327652808971,-0.5238310039050313,-2.636781501209199,-2.2917992584679205,-2.409602158890507,-0.11863832610988256,0.006339062362268442,0.0603859284244171
0.4302118706746587,0.2880178019918741,0.331478465277932,-1.2452054976197788,-1.1579306018934965,-1.2720761373232143,0.2858261396025429,2.5976737265958323,-1.3026521168344645
0.1254727880214489,0.1742014396015065,0.1365347490400099,-0.8947691706627926,-0.9438609585456118,-0.9606727946974292,1.3060017417068248,0.2230797426252751,-0.051197111816596905
1.4239867453635162,1.4176039999836136,1.6633660335171243,0.0007819458351085,-0.1420964532234973,-0.1961313911723812,0.21938250136385634,1.4332145066061728,-0.07972956385680847
1.4637940105561265,1.2901310771327346,1.1179054290915358,-2.664413072612309,-2.826040397111381,-2.7700181940850865,-0.41092723083373717,0.09152017817320818,1.79756116664464
-0.3018058870202862,-0.4116616659768802,-0.1138452966014498,1.2618356591925082,1.5483630129683053,1.289735719060465,1.1062887100598888,0.5807770953297967,0.8942133285134095
-1.0212149498766478,-0.3948111753754921,-0.5443508833772173,0.4694734977433757,0.8495651885651095,0.2795195084771699,0.4287564384616135,-0.056783194392691534,0.011445439091466015
-2.508867231253756,-2.6935208132013946,-2.1891849272426693,2.1181998625859766,2.0226253122329028,1.8004561136161952,1.535755991995992,-0.17040758116420443,0.248787309801083
-0.4248649420986807,-0.5389861653281516,-0.5594756409943499,1.0191323710920115,1.0634856440595255,1.013443448226024,0.18323443722190613,-0.7794823967254196,0.044212378104198057
-1.029926032942825,-1.3275835399486375,-1.2767380690168677,1.0675750489031457,0.7824547170627149,1.1508868440370534,-1.2244690317205003,0.4303013589575532,-0.20291398479554773
-0.1591126424667167,-0.3027495263899585,-0.0979803325200512,2.156766028454089,2.4565382253687904,2.191209753499886,-1.368159199245665,-0.8515371891857679,-1.0824271973882869
0.3660493274335117,0.1844785588659209,0.3642865947254046,-0.5615101641109463,-0.6219654473647045,-0.48291840837617,1.6509279322312496,0.6655852363134291,-0.15105187760692926
0.3305920816950699,-0.0864350171680227,-0.25323068673439,-1.7195410002447933,-1.381505017590845,-1.2989229076597877,1.723665720783297,1.08528700444591,-0.7460982566525134
0.4246530143648886,0.073774969340586,-0.0009290707736014,-0.2001795631276503,-0.5204921952992305,0.251689257618009,-0.17951921328260065,0.36653140723722993,-1.2503155389231464
0.1803038852832193,0.2416496171152756,0.2458277362601376,-0.9455070986926902,-0.6987011305746726,-0.8836208090226964,-0.38318732113598775,-0.28624873355569186,0.5112218145475347
-0.5145442064146412,-0.2147932711605932,0.089104775434732,-0.1169796501387986,-0.2918955719514749,-0.385591637166121,1.4614442922422022,0.4539655793086961,0.39126465993323495
0.1297005877283543,0.1365997973896145,-0.5204798336994154,-0.680728306557185,-1.0478374158811523,-1.0425011631500278,-1.107045682043488,-0.3086730555464126,-1.786707511368078
-3.576233008877326,-2.7768482544279736,-3.001281112897053,0.7370203158782918,0.2843177142501425,0.6075652685267784,-0.8947270189558264,0.9355471254651493,-0.12268463749512722
-0.1470459244626749,-0.3081223483553476,-0.3642128406991476,0.288998346832001,0.6487957089693854,0.6222075261134156,0.6433267946890444,-1.8314060842151236,0.9957013858999235
0.1510194737536111,-0.1510939267085249,0.2743988605311649,-0.0987819337479731,-0.1494276609917101,0.135588110972167,-0.3946051228595896,-0.3356073681186462,1.0592237388963208
-0.2020857838630777,-0.2108006603756369,-0.6849179163747177,-0.0103575134406133,0.3021792524855402,0.2551029496037414,-0.005121866720071296,-1.9908119951239978,1.0258368428852387
-0.1538846195536877,-0.2005037946492709,-0.108878481718798,-0.1393367147507876,0.0187854731529695,0.0033361878780917,-0.16344289852451258,-1.495060830227205,0.0389132069014598
0.5743250263017786,0.9007958077582447,0.7856538839577836,0.3971889583898261,0.7348998974768335,0.7684269042063832,0.33757454879893356,1.3638622298139094,-0.8450453279691511
-0.2829753821475299,-0.5426155709643969,-0.6825282773929426,-0.1706347116555345,0.466889341931983,0.315115077760963,1.4074818613137168,0.895184981971686,-1.0836988273580606
2.351357341616992,2.3529199277248045,2.0459409181953925,-0.0461942668279696,-0.4452062379419321,-0.3212081516398842,0.09058490690174555,-0.7194802332847904,0.3446049047503575
0.7451908415679984,0.776963012819055,0.6135479246798677,1.1017918408319771,0.9776816195734372,0.9576355904120716,0.6439387932768579,-1.502503456040897,0.379280034365163
0.0346648128954418,0.1227535020508561,-0.0756513090263606,0.9567478444334576,1.34348590192263,1.3148725032989017,-2.0501721010310225,-2.964528837841651,1.2873311116050654
-0.1843368314675653,-0.2151928971668021,-0.4573499044851044,1.247965792872196,1.1336592695778391,1.5639588781522344,-0.04871840193011795,-0.5434955079326346,1.0999796503420836
0.0039209984097469,-0.0420167309283144,0.1120761476281138,-0.897577238334601,-0.972792887796044,-0.991095390713227,-0.8432302702928711,2.4204150122474024,-0.1322286565311721
-1.0379725057562994,-0.9695141685840968,-1.1337471392303982,-0.4559485564395587,-0.573423559459226,-0.7417679845710883,-1.218813060423628,0.4348842714636474,-1.2442058788608694
0.2098474475426746,0.0256313622192585,0.109435656297992,-2.0269295341893687,-1.6563332095584713,-2.040620454505061,-0.8781523669287508,-0.5595722860494895,-0.31910659701089783
0.309151467301843,0.0094757798139852,-0.0791033963231301,-0.1865630817708379,-0.1478354223194844,-0.0317630470075954,-0.33412344070081207,0.46508020950030626,0.21723119481052466
0.6995525056677299,0.724768873550841,0.5441036595348547,0.2945532883127121,0.695773980869732,0.5441787164470046,0.9159025423560131,-1.5609583529944429,-0.2020832453894041
0.4929763236104483,0.7792948491887753,0.5472284725371741,0.1069324064772077,-0.0751664086656961,0.1995883308906851,-1.326392717739564,-0.29732336269763543,-0.5778941080776558
-0.1998938398512492,-0.1265251909829906,-0.2780364209546462,1.8908149125180944,2.0402646933329294,1.9493441595805503,0.030631492594417446,0.09947747301573849,0.2528848149698989
-1.8724327377832264,-1.4369017964252533,-1.2248230765860686,-0.3339858810269027,-0.1059801817308584,-0.3885238238753615,-0.4841694333335785,-0.08610065182104851,-0.5039577414106104
-0.8927624019250772,-0.5680567840120527,-0.7095720702249977,-1.1103326769851505,-1.405361302860474,-1.0526352573029,-0.32767309436196085,0.7908061216900806,-0.628066083725374
1.6059104121750956,1.4568773092236365,1.5206071607556482,0.7017930987315114,0.5162648424941239,0.4612965713580879,1.0027578253046041,0.34464522623605237,0.31145283430343956
0.6315636913986143,1.0634787561901562,0.8561927964378032,-0.0036800557037826,0.1575682012064549,0.0091743246062828,0.5381154370039261,0.668326018107997,-0.4019925801292048
0.8575023990772075,0.1497765281858336,0.5658209574181238,0.6832932547361804,0.2385305276768238,0.6373218767598426,1.3373981074427437,-0.6883722822307594,0.24410438897835213
-1.0949105075420016,-0.6425480205102179,-1.0024156343870625,0.5455804947876649,0.3191240248825712,0.5399567655005588,-0.15450567924990047,0.8978154084105481,0.2732040228521227
0.0728253047809654,0.1101766338964556,-0.2004885449875145,0.6108778901122303,-0.2273954220159424,0.3645274321466676,-0.695942611670703,1.6289369476239914,-1.1394290010915746
-0.9245140549676484,-1.174323118409743,-1.6470083361471382,-1.805540960851164,-1.9811913381124369,-2.2184985879942927,-0.22385881688049952,-0.9701495196514126,-0.4812411238654122
-0.4556794638136567,-0.6413536045455257,-0.1464871365187928,-0.8333383942541075,-1.0217711146691788,-0.6411843125037924,0.2424967912712216,-0.8876956557145598,1.4377769399164624
-0.30724885236147,-0.0931700950916863,-0.4771522873416859,-0.4748949732591482,-0.8405619059882352,-0.5550321518691219,0.17657335845371103,1.3357843363202329,-1.1620795127342871
-0.47206874863177,-0.7290929043779413,-0.7387262630395597,-0.186464890404599,-0.2430954672897148,-0.4606347946806726,-1.0843880722333665,-0.19134398669506028,-2.116654448970531
1.0912530288105406,1.1120462935296038,0.7948221033269288,-0.3303826673910698,-0.7819063079770825,-0.692893424207742,0.09048978162787422,1.403821392066557,-1.8618451532425115
-1.5787800502439615,-1.3804383321288696,-1.5412169636458233,0.5635144551652688,0.8235748166004551,0.2466970041704612,0.22822833013890514,-0.4425357118921839,0.029109946576669203
-0.889329493476905,-0.6552405370067833,-0.5723410712670737,0.6856712314106179,0.6242030618345363,0.8399788698865337,2.5174740375339204,1.4550455762707113,0.03091727803269891
-1.2364482498786031,-1.33467817403891,-1.4676678161372798,-1.2406920083047328,-1.151059542998926,-1.0809172392104622,1.8768446112816701,0.13148581680545218,-0.11761085542512094
-1.298929018003114,-0.8697151833359116,-1.1789993565459786,0.7282265174807638,0.9274429772073414,0.5649797509128476,-0.8532433505588201,0.2582288233226952,1.2141898289285016
0.1415578984843915,-0.0643079702429803,-0.2341000644983972,0.7551254789270438,0.5698263708494201,0.601081243461726,-0.2873833615491761,1.5647180216699044,-2.672834433102938
-1.6612577915660738,-1.478559069355958,-1.5588438346999371,0.5580911446843702,0.5138963042043505,0.5879397563479472,-1.4634420018370031,-0.36177047744417123,0.3959338744308236
0.5599092581362632,0.5766678810064925,0.4241095298937877,-1.6371651890649983,-1.4490745241744414,-1.5259238443897385,-0.5907070139634865,-0.9411220959249583,1.5614382018035733
-0.0089856799966467,-0.2720930130319205,-0.3095347867076476,0.2650586449390145,0.3402188796978684,0.2875792988728455,0.3156050035903405,-0.44856420802835434,-1.127780764891714
0.347401580642576,0.2172628500545124,-0.0831858636706091,0.0007470961878661,0.1568329205541747,-0.2726848851292881,1.2058536208882336,0.4523339506431387,-0.3798065117898951
0.2592367472165326,0.4476628032393039,0.3342310374304895,0.9199173749049704,1.0658856860392585,1.1785898835255857,-0.7290838377436085,-1.5657590721805144,-0.7528919172286209
-0.4872817519873075,-0.0182587841800556,-0.307284779023865,1.8158114409820747,1.5297291462461595,1.901941287482676,-0.6541464400677965,0.6374709026511215,-0.8943460460775288
0.9968998479574032,0.9621983690806776,0.7653005255937526,1.3926489849334158,1.4118332906290134,1.721945699471027,-2.147289029738655,-0.5387713176177432,-0.32626200502304
-0.0865820720024787,0.0628575421016013,-0.4216264123721198,0.2716353390611862,-0.0192388382592764,0.2250282968687591,-0.16266592054490767,1.1478126607335635,1.4274852836845047
0.413010202190764,0.5432102178130316,0.6327880564279864,-0.3733875565797676,-0.0077923347447898,-0.4073930050859508,-1.062414411859563,-2.3942603049004716,1.8373866754875203
-0.2168174438677703,-0.339292400414192,-0.0616552405967533,0.7376886212634457,0.7010804075057817,0.6538699093694214,-0.5294394273660737,-0.7865657751041687,-0.3359392250401477
0.3434661984587525,-0.0337163248584814,0.5743494264438826,-1.013733267895436,-0.683822824450373,-1.0250463378973456,-0.8768607781675882,-1.686468151234102,1.9050602140644701
0.4080711000354107,0.3121967953383915,0.185284324087425,-1.3218634107781475,-1.3956751113583858,-1.436536606533481,-0.09426255425255699,-0.8262294663639526,0.035576476984624864
-0.3061975155207528,0.1457088183323054,-0.0483257955266479,-1.085928118609932,-0.507399328305045,-0.9427963134472044,-1.7577283913566313,0.24766590110894313,1.753691026701081
-0.8936272077072172,-0.8048043756551387,-0.9369827057088024,0.9507138168312992,1.0775927587923644,1.1956076305713212,-1.4670452453909906,-0.1792266254497549,-0.09329864965349177
0.5050451229312567,0.3301956195605535,0.2769470269698486,-0.401667501763876,-0.1340717851406395,-0.3825855900574477,2.129247112028298,-0.25337756894801494,0.1310578260461443
-0.117411341759669,-0.4142773006159847,-0.503841028612892,1.536237313370407,1.5002004115647023,1.7100826328795562,-1.287422581274031,-0.1591848713800608,0.36547447264283456
0.5252352274457788,0.7014190857761057,0.9121234453629752,-2.804391163502061,-2.7197619694546,-2.8088990350674345,-1.0967855784546396,0.20338824061994343,3.1788536793675353
-2.2561640854661174,-1.8082502847844253,-2.0287500823948794,-1.7499557467817577,-1.5873422597091271,-1.691242837936257,1.836913528321314,-1.0085360419431078,0.8512855748447891
-1.2246129047210104,-1.6828461982421807,-1.6107317949102176,0.1329200644982154,-0.0135732643460035,-0.2278423400144547,2.905067169240407,0.7068496408990508,-0.7072645299514636
0.0508142209051868,0.5669681230814277,0.3597032550666972,0.9530004412587562,0.983934542479276,1.0327639036180676,-1.1715666288253417,0.6626659703854839,0.9689978702758579
2.1887456433815085,2.0377486450643025,1.845792187481047,-0.1485740824847284,0.0051454422945043,0.0648780445198738,-0.36824895678803055,0.385037937656101,-0.3618325370843415
1.346237638656802,0.7908695527375498,0.8680778703779948,-0.2931670505610919,-0.0948861272347976,-0.1384473031745386,0.34155555094050954,0.5565334427512632,-0.48975018290120914
-0.5869605972590034,-0.5473676771963124,-0.7636388568715617,-0.1080988372736396,-0.1030557368276893,-0.2015181591161733,1.7286976444055924,0.2964180008086595,0.9086013598921112
-1.5292327206626333,-1.7489077006434512,-2.072064920905365,-1.5111576462474736,-1.6864338226025315,-2.223290774402512,-0.9868570784282374,2.0350733027310675,0.031085587771152785
0.4447698797417495,1.2169639119666682,0.5474161861604996,1.165104839924646,0.7732296374554042,0.749739092614918,-0.24527784594210975,-0.0870941710525099,0.2785759145118061
-0.2194951793824653,-0.1030022803939665,-0.1869825390939093,-0.6891742064716604,-0.6895792456011254,-0.8498547271913184,0.777337576061744,-0.30708321833457675,0.013985221865292462
0.8022767273288057,0.6067870366049182,0.5963265711476301,1.1027891361434277,1.285690551827244,1.0607569479484755,0.43476607446661863,-0.7535275803573779,0.3365831266054347
0.1876617916072378,0.050140400380626,-0.1011601502252389,-0.0464002444251652,-0.1665863202305589,-0.2287158652035052,-0.37615607123009925,-1.0322626705778368,0.4249658974361492
-0.0066425674848589,-0.3090478843818126,0.0668999126993114,1.0215230724021902,0.6501365875784829,0.7653332177522293,-0.13382296451604114,-1.2444717876010754,-1.9369669327054153
3.005199272361085,2.9059947699175384,2.8823711536563605,0.1486869799239275,0.0662509696994316,0.3358918471658295,-1.3748958083699818,-0.8887973132309185,0.6665726686095336
0.0952653358184743,0.0402774332622024,-0.1580249814235443,0.1991283712651869,-0.0916349831599528,-0.1110353285288402,-0.23817374397466523,-0.07068038165207131,-0.9820194198303006
-0.2178643494706716,0.1409393150780813,-0.4133004340461501,0.3537601675206504,0.0821097334246574,0.488108345017761,-0.2663874900089551,0.3342951284977145,-1.4422991355594112
-0.1272378643993698,-0.0230572498447088,-0.0321503921257325,-1.0495509298117736,-1.4461926202343698,-1.544721071232096,0.23216988962625595,0.051142058552161786,-0.05841124385868244
-0.5907981916674439,-0.6214131542541963,-0.498688039543061,0.1055405155645431,0.002336893680584,-0.0409033711939249,-0.555327218819016,-0.765535277429713,0.08398100331445427
0.7796770984331247,1.002121533264836,1.1501770710731087,1.669781933411441,1.6222095019324156,1.5726234702201367,0.471538522545139,0.9001845640199633,-0.6935061645722808
-0.2890354081895289,-0.2882862604996895,-0.2438966886552956,1.1190262278226584,1.125193999530687,1.8289646996765772,1.0127158178198286,0.7394126723009475,0.8310318576679744
0.9966598885672074,0.5601494939288025,0.7607695966034911,-1.051022737132945,-0.9459261917417524,-0.8560777184002959,0.15542932766846604,-0.159648307422017,-1.342175166370907
0.6309954558507949,0.4210504331741288,0.3610187537455828,0.275097260988119,0.5194721904248717,0.3400152586021068,0.35175640839920347,-0.652916144664712,-0.40694374877255896
0.9237060029620744,1.5440034937497626,0.8673039264123346,0.6675480199677768,0.223201985355014,-0.1460180884805352,0.053155347577867364,0.5484279208297995,-0.5848741349330007
0.5343058409637088,0.347549849289254,0.3643558210990907,0.8137819382178861,0.9916711675288088,0.5594231096664639,8.439309141418043e-05,0.18797358748610446,-0.04658727033933937
-1.0782840247664929,-0.9718787277775748,-1.4998612732990269,0.2513642071421096,0.1344197731671771,-0.089693372635555,-0.7215580335428474,-1.4481272594150476,0.2788642846472388
-1.408589877618669,-1.1512225242076766,-1.0526453699553342,-0.0411102619666601,-0.3527103003246506,-0.505866225522819,0.316494261673308,-0.0679802559844049,-1.0078929496235447
1.2155291391344225,1.5158181182876744,1.405566401135618,1.5468138028535052,1.2589119863459288,1.306891138329277,-0.09728659841348947,0.26203581207438104,0.7242826774562282
-0.8728736660987715,-0.5863256795530689,-0.3547596341674035,0.725970524999161,0.2040103785561692,0.0130190049090189,2.093168308930595,-0.8996947864877538,0.06300236833469973
-1.4095433355596585,-1.25304580559311,-1.526667038146449,1.23638194263905,1.2801024765809823,0.9344629257252282,1.5733549024752425,0.189843392837443,-1.8919462533119105
-0.5996167725483158,-0.7130972346441201,-0.6879924430482952,0.9380137905051352,1.2416692374956844,1.1019029464968246,0.3858465525565008,-1.4548224852577891,-1.958591440397031
1.233013651814556,1.6319989877133263,1.317300136909786,-0.291591183123547,0.0131282066594177,-0.6326983065626566,-0.7630572096947675,1.3361861000121709,-0.012319292929311235
-1.5423996166011438,-1.563893630099605,-1.486393428069215,-0.0172919686051363,-0.2607893367689285,-0.6776609368813873,-1.112411471983418,1.2479499850594318,-0.2209673177863541
-1.1163265300297895,-0.6395062649024227,-0.8289373238096254,1.96560785586237,1.725951007624503,2.11723830456204,1.191142953088865,-0.25251733430296475,-0.1034201135746335
-0.5966642571188601,-0.3568631645433963,-0.370374817454843,0.1377120719702966,0.0829060228077414,0.549563962362697,0.2627492251471385,0.36345433783907316,-0.02798245653021798
-1.037881384079304,-1.3158167400377352,-1.4575725580730556,-0.9018159024470168,-0.674603170816457,-0.7505603488433582,0.4801434033916108,-2.409921965799875,0.22555983951018072
-1.3697117329185622,-0.951157946653242,-1.7119118359693395,-1.3549131747697778,-1.0334860083471804,-1.0627480939784864,-1.7445859869741926,-1.1563476602653329,0.9476496098482997
-1.4284221824339138,-1.4893117060174563,-1.197983147396994,1.0280269719298358,0.8925094638791384,1.1084092655986109,0.9274384815581808,-0.2937789201521298,-1.1111049009175582
-0.8370824619188022,-0.4487154554096214,-0.6195198604644343,-0.0394819288907453,-0.0225415951807166,0.6313408293769591,0.45442033821436295,-1.0721330214268592,-1.1719715929007948
-0.4864020535283334,-0.3698215703073092,-0.1304088924955677,-1.1548984702419574,-0.7156197165625383,-0.9901529398802796,-1.110430684414478,0.7143964826306588,-1.0933238578873825
-0.5366173303001536,-1.00528437431179,-0.552155494149141,0.6976327371872777,0.7993034156903438,0.5837636781058597,-0.47152480744994896,1.997296530747994,0.2889166671687069
-1.8772512808455653,-1.5441130473173,-1.6970351985741854,0.3922746785832709,0.366677436085243,0.0719358157047498,0.2637172043565196,-1.176614719429302,1.2449473786464456
1.1324486018935094,1.5420462997263449,1.3294049047848664,-1.528112880635996,-1.7880185127856514,-1.649640423461321,0.05246679835624363,-0.8374634040851927,-0.4313394382395105
-1.0454854634848203,-1.4700229136970815,-1.5571856820448589,0.5851079865944131,0.6544580497541721,0.5472262482415253,-0.292171185803555,0.23544836830993032,-2.5016998441596545
0.1314649159723625,0.4475014436386789,0.2952131429014289,1.41379106932047,1.0068507887519196,1.3167396677026475,-0.10348826806596086,1.6111161484996208,-1.7039928626103755
-1.245555556964728,-1.0918076715776197,-0.9559585521617986,2.2304270900402416,2.538710819001918,2.588388548691141,-0.25197737820688537,-1.2223743125399031,-0.8330367227960116
0.7834865391276621,0.4497790117460448,0.5134503214742222,-0.103025468829483,0.1786054653413889,0.430503440298764,0.15256251210246857,0.24903612230694197,-0.5577288874952148
1.3467790677982234,1.155410348311121,0.8797741357448284,0.5682634000689104,0.5293937965436701,0.2874560471781741,1.471491972993157,1.8212988508131087,-0.4083886272547264
-0.925547576086479,-0.5404062203684064,-0.8150948826773907,1.8434205547539957,1.6670293960092044,1.772479927453252,-2.5666584409312976,-1.6517591481792673,0.038581122980917065
-1.769968557633406,-2.082566201471048,-1.659060987766202,0.0264077327291971,0.1203722384048894,0.3023035461389434,-0.23685026450968424,-1.281069206845832,-0.3117463308224471
0.9649411551626088,0.7389476582461825,0.6951563511650526,0.6262043147627713,-0.0058503237279787,0.3466308095093724,0.17651242137244696,-0.42360660646083825,1.0493396105434072
1.9409109792897496,1.587853405177765,1.7896685777918413,-0.7741965697932887,-0.5849441713776643,-0.6838935218163265,0.2959939896870995,-0.520588412855411,-0.6760173056813688
0.3617109596554219,0.4072930761781869,0.3864113849855437,-1.559013520407505,-1.268023328900257,-1.233424476930488,-0.37191458132128985,0.8126012877536446,-0.862317959475543
-0.0147209262453792,0.2577577020483707,0.3925796108807938,1.2198714494533307,1.1154210878212618,0.562559953449568,-1.7567217824785826,0.24165971982083806,0.4788755385204616
0.5347184174259763,1.170342530778881,0.691458142443898,-1.0120222261362923,-1.224927894681274,-0.96559212179119,0.32799548371410964,-1.7749620596421283,-1.5356420699261193
